date,clones,unique_cloners,views,unique_visitors
2026-07-28,0,0,0,0
2026-07-29,0,0,0,0
2026-07-30,0,0,0,0
2026-07-31,0,0,0,0
2026-08-01,0,0,0,0
2026-08-02,0,0,0,0
2026-08-03,0,0,0,0
2026-08-04,0,0,0,0
2026-08-05,0,0,0,0
2026-08-06,0,0,0,0
2026-08-07,0,0,0,0
2026-08-08,0,0,0,0
2026-08-09,0,0,1,1
2026-08-10,49,33,111,3
2026-08-11,148,66,196,2
2026-08-12,10,8,23,4
2026-08-13,5,4,3,1
2026-08-14,12,6,10,1
2026-08-15,8,4,3,1
2026-08-16,1,1,0,0
2026-08-17,4,3,5,1
2026-08-18,1,1,3,1
2026-08-19,1,1,9,1
2026-08-20,1,1,3,1
2026-08-21,1,1,4,1
2026-08-22,12,8,0,0
2026-08-23,5,4,0,0
2026-08-24,1,1,0,0
2026-08-25,2,2,0,0
2026-08-26,9,5,3,1
2026-08-27,2,2,0,0
2026-08-28,4,4,7,1
2026-08-29,1,1,0,0
2026-08-30,3,2,0,0
2026-08-31,1,1,0,0
2026-09-01,1,1,6,1
2026-09-02,2,2,0,0
2026-09-03,4,4,1,1
